{
  "version": "2022.1",
  "applications": [],
  "platforms": [
    {
      "name": "Vraag1"
    }
  ],
  "systems": [
    {
      "name": "Vraag1_App_system",
      "platform": "C:/Vivado/SoC_2023/PE/Vraag1/Vitis/Vraag1/export/Vraag1/Vraag1.xpfm",
      "sysConfig": "Vraag1",
      "buildConfig": "Debug",
      "applications": [
        {
          "name": "Vraag1_App",
          "platform": "C:/Vivado/SoC_2023/PE/Vraag1/Vitis/Vraag1/export/Vraag1/Vraag1.xpfm",
          "platformPath": "C:\\Vivado\\SoC_2023\\PE\\Vraag1\\Vitis\\Vraag1\\export\\Vraag1",
          "sysConfig": "Vraag1",
          "domain": "standalone_ps7_cortexa9_0",
          "system": "Vraag1_App_system"
        }
      ],
      "platformPath": "C:\\Vivado\\SoC_2023\\PE\\Vraag1\\Vitis\\Vraag1\\export\\Vraag1"
    }
  ],
  "others": []
}