{
  "version": "2022.1",
  "applications": [],
  "platforms": [
    {
      "name": "Vraag3_2"
    }
  ],
  "systems": [
    {
      "name": "Vraag3_2_App_system",
      "platform": "C:/Vivado/SoC_2023/PE/Vraag3_2/Vitis/Vraag3_2/export/Vraag3_2/Vraag3_2.xpfm",
      "sysConfig": "Vraag3_2",
      "buildConfig": "Debug",
      "applications": [
        {
          "name": "Vraag3_2_App",
          "platform": "C:/Vivado/SoC_2023/PE/Vraag3_2/Vitis/Vraag3_2/export/Vraag3_2/Vraag3_2.xpfm",
          "platformPath": "C:\\Vivado\\SoC_2023\\PE\\Vraag3_2\\Vitis\\Vraag3_2\\export\\Vraag3_2",
          "sysConfig": "Vraag3_2",
          "domain": "standalone_ps7_cortexa9_0",
          "system": "Vraag3_2_App_system"
        }
      ],
      "platformPath": "C:\\Vivado\\SoC_2023\\PE\\Vraag3_2\\Vitis\\Vraag3_2\\export\\Vraag3_2"
    }
  ],
  "others": []
}